cod_est,n_obs,n_feat_init,n_feat_lasso,R2,MAE,RMSE,alpha,features
101,366,27,20,0.8763463353741713,3346.5905847298413,4488.04868062996,86.76469910608743,"nu_dia_sem, in_laborable, in_lectivo, in_navidad, in_primeromayo, in_2demayo, in_sanisidro, in_asuncion, in_juesanto, in_viesanto, precio_gasolina, t_med, ev_bernabeu, ev_ifema, ev_ventas, ev_metropolitano, ev_movistararena, ev_vallecas, ev_vistalegre, cof_cierre"
102,366,26,22,0.7594930251328658,747.3142376890826,978.5711513694015,5.867761699990002,"nu_dia_sem, in_laborable, in_lectivo, in_navidad, in_primeromayo, in_2demayo, in_asuncion, in_juesanto, in_viesanto, in_santiago, in_blackfriday, t_med, precipitaciones, hum_rel_med, ev_bernabeu, ev_ifema, ev_ventas, ev_metropolitano, ev_movistararena, ev_vallecas, ev_vistalegre, cof_cierre"
103,366,24,22,0.7271652029635727,891.9124842132511,1192.4467961219611,1.9285434627277371,"nu_dia_sem, in_laborable, in_lectivo, in_navidad, in_primeromayo, in_2demayo, in_asuncion, in_purisima, in_juesanto, in_viesanto, in_santiago, in_blackfriday, t_med, hum_rel_med, ev_bernabeu, ev_ifema, ev_ventas, ev_metropolitano, ev_movistararena, ev_vallecas, ev_vistalegre, cof_cierre"
104,366,22,19,0.7533866319964002,1208.3221677052038,1643.854904760667,2.7233711482257674,"nu_dia_sem, in_laborable, in_lectivo, in_navidad, in_asuncion, in_purisima, in_juesanto, in_viesanto, in_santiago, in_blackfriday, t_med, hum_rel_med, ev_bernabeu, ev_ifema, ev_metropolitano, ev_movistararena, ev_vallecas, ev_vistalegre, cof_cierre"
105,366,26,24,0.6670203578514571,536.6052619463064,760.3953692555103,9.812192442246399,"nu_dia_sem, in_laborable, in_lectivo, in_navidad, in_primeromayo, in_2demayo, in_asuncion, in_purisima, in_juesanto, in_viesanto, in_santiago, in_blackfriday, nu_semana, precio_gasolina, t_med, hum_rel_med, ev_bernabeu, ev_ifema, ev_ventas, ev_metropolitano, ev_movistararena, ev_vallecas, ev_vistalegre, cof_cierre"
106,366,27,25,0.7199097669507997,1893.9694025224912,2809.5581808291777,4.202094185491429,"nu_mes, nu_dia_sem, in_laborable, in_lectivo, in_navidad, in_primeromayo, in_2demayo, in_asuncion, in_purisima, in_juesanto, in_viesanto, in_santiago, in_blackfriday, nu_semana, precio_gasolina, t_med, hum_rel_med, ev_bernabeu, ev_ifema, ev_ventas, ev_metropolitano, ev_movistararena, ev_vallecas, ev_vistalegre, cof_cierre"
107,366,26,21,0.8229498996577017,779.401903953472,957.6513587305761,17.75194448349258,"nu_dia_sem, in_laborable, in_lectivo, in_navidad, in_primeromayo, in_2demayo, in_asuncion, in_juesanto, in_viesanto, in_santiago, in_blackfriday, precio_gasolina, t_med, hum_rel_med, ev_bernabeu, ev_ifema, ev_ventas, ev_metropolitano, ev_movistararena, ev_vallecas, ev_vistalegre"
108,366,29,23,0.8507888559689099,839.7986261222196,1097.5385900818849,19.711786215015735,"nu_mes, in_laborable, in_lectivo, in_navidad, in_primeromayo, in_2demayo, in_sanisidro, in_asuncion, in_purisima, in_juesanto, in_viesanto, in_santiago, in_blackfriday, precio_diesel, t_med, hum_rel_med, ev_bernabeu, ev_ifema, ev_ventas, ev_metropolitano, ev_movistararena, ev_vallecas, cof_cierre"
109,366,25,22,0.6223972788055827,1359.0157698898217,1785.8822025133916,9.889623096395065,"nu_dia_sem, in_laborable, in_lectivo, in_navidad, in_primeromayo, in_2demayo, in_sanisidro, in_asuncion, in_juesanto, in_viesanto, in_santiago, in_blackfriday, precio_gasolina, t_med, hum_rel_med, ev_bernabeu, ev_ifema, ev_ventas, ev_metropolitano, ev_movistararena, ev_vallecas, cof_cierre"
110,366,26,21,0.563174818432191,1661.0680131722331,2294.5765823523197,20.664667911667006,"nu_dia_sem, in_laborable, in_lectivo, in_navidad, in_primeromayo, in_2demayo, in_asuncion, in_almudena, in_juesanto, in_viesanto, in_santiago, in_blackfriday, nu_semana, precio_gasolina, precio_diesel, t_med, precipitaciones, hum_rel_med, ev_bernabeu, ev_ifema, cof_cierre"
111,366,25,18,0.43900350156483225,2457.647755688898,3225.4299275361886,47.197567859207076,"nu_dia_sem, in_lectivo, in_navidad, in_asuncion, in_almudena, in_constitucion, in_viesanto, in_blackfriday, nu_semana, precio_gasolina, t_med, vel_med_viento, hum_rel_med, ev_bernabeu, ev_ifema, ev_ventas, ev_vallecas, cof_cierre"
112,366,26,23,0.3794607215539968,5948.362433982541,7785.318667781475,14.437191704478497,"nu_dia_mes, nu_mes, nu_dia_sem, in_laborable, in_lectivo, in_navidad, in_asuncion, in_almudena, in_juesanto, in_viesanto, in_santiago, nu_semana, precio_gasolina, precio_diesel, t_med, hum_rel_med, ev_bernabeu, ev_ifema, ev_ventas, ev_movistararena, ev_vallecas, ev_vistalegre, cof_cierre"
113,366,24,20,0.6600786200658042,986.6161313883988,1254.9280139194457,11.269624316475845,"nu_dia_sem, in_laborable, in_lectivo, in_navidad, in_asuncion, in_almudena, in_constitucion, in_santiago, in_blackfriday, nu_semana, precio_gasolina, precio_diesel, t_med, vel_med_viento, ev_ifema, ev_ventas, ev_movistararena, ev_vallecas, ev_vistalegre, cof_cierre"
114,366,20,18,0.5622338260692537,876.2960859447695,1107.7684266662702,1.1434357544075424,"nu_dia_sem, in_laborable, in_lectivo, in_navidad, in_sanisidro, in_asuncion, in_juesanto, in_viesanto, in_santiago, in_blackfriday, t_med, precipitaciones, hum_rel_med, ev_bernabeu, ev_ifema, ev_metropolitano, ev_movistararena, cof_cierre"
115,366,21,18,0.4215956821783491,907.0955183826038,1125.6668454578955,8.434238408746008,"nu_dia_sem, in_lectivo, in_navidad, in_asuncion, in_almudena, in_constitucion, in_viesanto, in_blackfriday, precio_gasolina, precio_diesel, t_med, hum_rel_med, ev_ifema, ev_ventas, ev_metropolitano, ev_vallecas, ev_vistalegre, cof_cierre"
116,366,23,18,0.6244838756819839,2122.09609260306,2698.474721553767,25.788625117729744,"nu_dia_sem, in_laborable, in_lectivo, in_navidad, in_sanisidro, in_asuncion, in_juesanto, in_viesanto, in_blackfriday, nu_semana, precio_gasolina, precio_diesel, t_med, vel_med_viento, ev_bernabeu, ev_metropolitano, ev_movistararena, cof_cierre"
117,366,26,23,0.7761338150569421,602.7818898281924,765.0315714313689,1.402734560507519,"nu_dia_sem, in_laborable, in_lectivo, in_navidad, in_primeromayo, in_2demayo, in_asuncion, in_purisima, in_juesanto, in_viesanto, in_santiago, in_blackfriday, t_med, precipitaciones, hum_rel_med, ev_bernabeu, ev_ifema, ev_ventas, ev_metropolitano, ev_movistararena, ev_vallecas, ev_vistalegre, cof_cierre"
118,366,26,22,0.8038178320890591,1370.8040378100288,1756.224555092868,23.467122941199055,"nu_dia_sem, in_laborable, in_lectivo, in_navidad, in_primeromayo, in_2demayo, in_asuncion, in_purisima, in_juesanto, in_viesanto, in_santiago, in_blackfriday, t_med, hum_rel_med, ev_bernabeu, ev_ifema, ev_ventas, ev_metropolitano, ev_movistararena, ev_vallecas, ev_vistalegre, cof_cierre"
119,366,27,19,0.6522516884335317,1055.92387476113,1385.6205715730036,21.497664161246004,"nu_dia_sem, in_laborable, in_lectivo, in_navidad, in_primeromayo, in_asuncion, in_juesanto, in_viesanto, in_santiago, in_blackfriday, nu_semana, precio_gasolina, t_med, hum_rel_med, ev_bernabeu, ev_ifema, ev_vallecas, ev_vistalegre, cof_cierre"
120,366,27,19,0.6762158684714272,1113.4146785033122,1499.2144877415014,22.37919169155046,"nu_dia_sem, in_laborable, in_lectivo, in_navidad, in_asuncion, in_purisima, in_juesanto, in_viesanto, in_santiago, in_blackfriday, nu_semana, precio_gasolina, t_med, hum_rel_med, ev_bernabeu, ev_ifema, ev_vallecas, ev_vistalegre, cof_cierre"
121,366,25,20,0.7329831809699889,609.8643907451498,824.0938869645139,8.037479055714467,"nu_dia_sem, in_laborable, in_lectivo, in_navidad, in_asuncion, in_purisima, in_juesanto, in_viesanto, in_santiago, in_blackfriday, nu_semana, precio_diesel, t_med, vel_med_viento, hum_rel_med, ev_bernabeu, ev_ifema, ev_metropolitano, ev_vallecas, cof_cierre"
122,366,29,25,0.7641274883767255,424.2649601630508,558.7681578319983,7.102000486181093,"nu_dia_sem, in_laborable, in_lectivo, in_navidad, in_primeromayo, in_2demayo, in_asuncion, in_purisima, in_juesanto, in_viesanto, in_santiago, in_blackfriday, nu_semana, precio_gasolina, precio_diesel, t_med, hum_rel_med, ev_bernabeu, ev_ifema, ev_ventas, ev_metropolitano, ev_movistararena, ev_vallecas, ev_vistalegre, cof_cierre"
123,366,29,22,0.7329165748737749,502.5677545994917,694.9088615060417,12.931626853579985,"nu_dia_sem, in_laborable, in_lectivo, in_navidad, in_primeromayo, in_asuncion, in_purisima, in_juesanto, in_viesanto, in_santiago, in_blackfriday, nu_semana, precio_gasolina, t_med, vel_med_viento, hum_rel_med, ev_bernabeu, ev_ifema, ev_ventas, ev_vallecas, ev_vistalegre, cof_cierre"
124,366,29,24,0.8132335854951231,511.43992941633604,710.0687529451342,10.497612067288083,"nu_dia_sem, in_laborable, in_lectivo, in_navidad, in_primeromayo, in_2demayo, in_asuncion, in_purisima, in_juesanto, in_viesanto, in_santiago, in_blackfriday, nu_semana, precio_gasolina, precio_diesel, t_med, hum_rel_med, ev_bernabeu, ev_ifema, ev_ventas, ev_metropolitano, ev_vallecas, ev_vistalegre, cof_cierre"
125,366,32,19,0.8656589941061127,630.8947862969384,843.0926705618897,21.779863544242794,"in_laborable, in_lectivo, in_navidad, in_primeromayo, in_asuncion, in_purisima, in_juesanto, in_viesanto, in_blackfriday, nu_semana, precio_diesel, t_med, ev_bernabeu, ev_ifema, ev_ventas, ev_metropolitano, ev_vallecas, ev_vistalegre, cof_cierre"
126,366,29,23,0.7960929417695255,478.2168399652257,645.1004959929678,8.462251312364835,"nu_dia_sem, in_laborable, in_lectivo, in_navidad, in_primeromayo, in_2demayo, in_asuncion, in_purisima, in_juesanto, in_viesanto, in_santiago, in_blackfriday, nu_semana, precio_gasolina, precio_diesel, t_med, hum_rel_med, ev_bernabeu, ev_ifema, ev_ventas, ev_vallecas, ev_vistalegre, cof_cierre"
127,366,29,23,0.8565069820004194,327.6741829374061,438.0764701930367,6.71071740238983,"nu_dia_sem, in_laborable, in_lectivo, in_navidad, in_primeromayo, in_2demayo, in_asuncion, in_purisima, in_juesanto, in_viesanto, in_santiago, in_blackfriday, nu_semana, precio_gasolina, precio_diesel, t_med, ev_bernabeu, ev_ifema, ev_ventas, ev_metropolitano, ev_vallecas, ev_vistalegre, cof_cierre"
128,366,28,23,0.8653433374264972,283.6837479540098,375.39760464656376,5.275838401524356,"nu_dia_sem, in_laborable, in_lectivo, in_navidad, in_primeromayo, in_2demayo, in_asuncion, in_purisima, in_juesanto, in_viesanto, in_santiago, in_blackfriday, nu_semana, precio_gasolina, t_med, hum_rel_med, ev_bernabeu, ev_ifema, ev_ventas, ev_metropolitano, ev_vallecas, ev_vistalegre, cof_cierre"
129,366,24,22,0.6274338158180062,506.6848331952431,681.493776026482,0.7813859490794685,"nu_mes, nu_dia_sem, in_laborable, in_lectivo, in_navidad, in_primeromayo, in_2demayo, in_asuncion, in_juesanto, in_viesanto, in_blackfriday, nu_semana, precio_gasolina, precio_diesel, t_med, vel_med_viento, hum_rel_med, ev_bernabeu, ev_ifema, ev_movistararena, ev_vistalegre, cof_cierre"
130,366,30,22,0.8496531074320979,269.48947375560044,351.3237802864019,8.376163039992884,"in_laborable, in_lectivo, in_navidad, in_primeromayo, in_2demayo, in_asuncion, in_purisima, in_juesanto, in_viesanto, in_santiago, in_blackfriday, nu_semana, precio_gasolina, t_med, hum_rel_med, ev_bernabeu, ev_ifema, ev_ventas, ev_metropolitano, ev_vallecas, ev_vistalegre, cof_cierre"
151,366,30,7,0.8017806615532652,1272.6148141219865,1862.585168881722,144.2124981419419,"in_laborable, in_lectivo, in_navidad, in_blackfriday, nu_semana, ev_bernabeu, cof_cierre"
152,366,28,21,0.9025716729060141,337.737356469935,401.762101044216,7.30551082207654,"nu_dia_sem, in_laborable, in_lectivo, in_navidad, in_primeromayo, in_2demayo, in_sanisidro, in_asuncion, in_12oct, in_almudena, in_juesanto, in_viesanto, in_santiago, t_med, hum_rel_med, ev_bernabeu, ev_ifema, ev_ventas, ev_metropolitano, ev_movistararena, ev_vistalegre"
153,366,27,23,0.8693145499648733,1212.1907008445046,1468.8584179643371,19.852925638785425,"nu_dia_sem, in_laborable, in_lectivo, in_navidad, in_primeromayo, in_2demayo, in_asuncion, in_constitucion, in_purisima, in_juesanto, in_viesanto, in_santiago, in_blackfriday, precio_gasolina, t_med, hum_rel_med, ev_bernabeu, ev_ifema, ev_ventas, ev_metropolitano, ev_movistararena, ev_vallecas, ev_vistalegre"
201,367,23,19,0.7893470184186084,680.4704762898695,894.7734226587445,7.756963988909341,"nu_mes, nu_dia_sem, in_laborable, in_lectivo, in_navidad, in_sanisidro, in_asuncion, in_purisima, in_juesanto, in_viesanto, in_santiago, in_blackfriday, precio_gasolina, t_med, ev_ifema, ev_ventas, ev_movistararena, ev_vistalegre, cof_cierre"
202,366,27,21,0.8300139358623987,1083.0587499850908,1373.9656598801578,28.9438407435893,"nu_dia_sem, in_laborable, in_lectivo, in_navidad, in_primeromayo, in_2demayo, in_asuncion, in_purisima, in_juesanto, in_viesanto, in_santiago, nu_semana, precio_gasolina, t_med, hum_rel_med, ev_bernabeu, ev_ifema, ev_ventas, ev_metropolitano, ev_vallecas, cof_cierre"
203,366,27,23,0.7380319117172532,1933.4636059760571,2530.4816216505533,23.721822989796443,"nu_dia_sem, in_laborable, in_lectivo, in_navidad, in_primeromayo, in_2demayo, in_sanisidro, in_asuncion, in_juesanto, in_viesanto, in_santiago, in_blackfriday, nu_semana, precio_gasolina, t_med, hum_rel_med, ev_bernabeu, ev_ifema, ev_ventas, ev_movistararena, ev_vallecas, ev_vistalegre, cof_cierre"
204,366,26,24,0.7309854669107574,735.0645635999124,957.4040854650195,1.4475682698239278,"nu_mes, nu_dia_sem, in_laborable, in_lectivo, in_navidad, in_sanisidro, in_asuncion, in_purisima, in_juesanto, in_viesanto, in_santiago, in_blackfriday, precio_gasolina, precio_diesel, t_med, hum_rel_med, ev_bernabeu, ev_ifema, ev_ventas, ev_metropolitano, ev_movistararena, ev_vallecas, ev_vistalegre, cof_cierre"
205,366,21,19,0.37777202812595123,1313.1056155825645,1855.0299982812528,20.660141267958192,"nu_dia_sem, in_laborable, in_lectivo, in_navidad, in_primeromayo, in_2demayo, in_juesanto, in_viesanto, precio_gasolina, precio_diesel, t_med, precipitaciones, hum_rel_med, ev_bernabeu, ev_ifema, ev_ventas, ev_metropolitano, ev_vallecas, cof_cierre"
206,366,25,19,0.6372015489150629,904.4524049038542,1114.0121443623407,17.25860671459929,"nu_dia_sem, in_laborable, in_lectivo, in_navidad, in_primeromayo, in_asuncion, in_juesanto, in_viesanto, in_santiago, in_blackfriday, nu_semana, precio_gasolina, t_med, hum_rel_med, ev_bernabeu, ev_ifema, ev_metropolitano, ev_movistararena, cof_cierre"
207,366,21,12,0.23441030924390016,654.3390700883821,1007.1224376756686,72.66633389407704,"nu_mes, in_lectivo, in_navidad, in_asuncion, in_juesanto, in_viesanto, in_blackfriday, t_med, ev_bernabeu, ev_ifema, ev_vallecas, cof_cierre"
209,366,25,22,0.36141464930200506,2325.496627605242,3048.890525189269,1.0786483333916836,"nu_mes, nu_dia_sem, in_lectivo, in_navidad, in_sanisidro, in_asuncion, in_almudena, in_constitucion, in_juesanto, in_viesanto, in_santiago, in_blackfriday, nu_semana, precio_gasolina, precio_diesel, t_med, vel_med_viento, hum_rel_med, ev_ventas, ev_vallecas, ev_vistalegre, cof_cierre"
210,366,17,15,0.3968921383625036,570.5540644735365,736.1333984475297,3.103038952145664,"nu_dia_sem, in_lectivo, in_navidad, in_asuncion, in_almudena, in_viesanto, in_santiago, in_blackfriday, nu_semana, t_med, hum_rel_med, ev_ifema, ev_ventas, ev_vallecas, cof_cierre"
211,366,25,21,0.7138239999487546,543.595727377504,695.0058776378577,3.1781479035039166,"nu_dia_sem, in_laborable, in_lectivo, in_navidad, in_primeromayo, in_2demayo, in_asuncion, in_juesanto, in_viesanto, in_blackfriday, precio_gasolina, t_med, precipitaciones, hum_rel_med, ev_bernabeu, ev_ifema, ev_ventas, ev_metropolitano, ev_movistararena, ev_vallecas, cof_cierre"
212,366,25,22,0.8394428105421163,808.7780413178515,987.8420115566024,16.7873628732502,"nu_dia_sem, in_laborable, in_lectivo, in_navidad, in_primeromayo, in_2demayo, in_asuncion, in_purisima, in_juesanto, in_viesanto, in_santiago, in_blackfriday, precio_gasolina, t_med, hum_rel_med, ev_bernabeu, ev_ifema, ev_ventas, ev_metropolitano, ev_movistararena, ev_vallecas, ev_vistalegre"
213,366,27,22,0.7555855209972542,823.9686731871592,1078.1677611008258,16.250439782623932,"in_laborable, in_lectivo, in_navidad, in_primeromayo, in_2demayo, in_asuncion, in_purisima, in_juesanto, in_viesanto, in_santiago, in_blackfriday, precio_gasolina, t_med, hum_rel_med, ev_bernabeu, ev_ifema, ev_ventas, ev_metropolitano, ev_movistararena, ev_vallecas, ev_vistalegre, cof_cierre"
214,366,24,22,0.794066034863071,924.6979043949063,1170.441245982335,2.24339313851216,"nu_dia_sem, in_laborable, in_lectivo, in_navidad, in_primeromayo, in_2demayo, in_asuncion, in_juesanto, in_viesanto, in_santiago, in_blackfriday, t_med, precipitaciones, hum_rel_med, ev_bernabeu, ev_ifema, ev_ventas, ev_metropolitano, ev_movistararena, ev_vallecas, ev_vistalegre, cof_cierre"
251,366,27,21,0.7109599509818039,749.4863957217935,1037.6409895547574,10.384412353469692,"nu_dia_sem, in_laborable, in_lectivo, in_navidad, in_primeromayo, in_2demayo, in_asuncion, in_juesanto, in_viesanto, in_santiago, in_blackfriday, nu_semana, precio_gasolina, t_med, vel_med_viento, ev_bernabeu, ev_ifema, ev_metropolitano, ev_movistararena, ev_vallecas, cof_cierre"
252,366,18,13,0.6031542309865474,366.96244860221856,476.4953932572665,7.508567577473482,"nu_dia_sem, in_laborable, in_lectivo, in_navidad, in_primeromayo, in_2demayo, in_asuncion, in_santiago, in_blackfriday, t_med, hum_rel_med, ev_movistararena, cof_cierre"
253,366,27,19,0.7368598384522845,488.2518517677223,664.2958497681801,6.957495030068514,"nu_dia_sem, in_laborable, in_lectivo, in_navidad, in_asuncion, in_juesanto, in_viesanto, in_santiago, in_blackfriday, nu_semana, precio_gasolina, t_med, vel_med_viento, ev_bernabeu, ev_ifema, ev_metropolitano, ev_vallecas, ev_vistalegre, cof_cierre"
254,366,23,21,0.781763558946914,368.9370827630482,456.2714164219092,1.2408696102706098,"nu_dia_sem, in_laborable, in_lectivo, in_navidad, in_primeromayo, in_2demayo, in_asuncion, in_purisima, in_santiago, in_blackfriday, precio_gasolina, t_med, hum_rel_med, ev_bernabeu, ev_ifema, ev_ventas, ev_metropolitano, ev_movistararena, ev_vallecas, ev_vistalegre, cof_cierre"
255,366,24,20,0.566977279285257,502.10375389980345,713.2985661479871,22.278832055983088,"nu_dia_sem, in_laborable, in_lectivo, in_navidad, in_primeromayo, in_2demayo, in_asuncion, in_purisima, in_juesanto, in_viesanto, in_santiago, in_blackfriday, precio_diesel, t_med, precipitaciones, ev_ifema, ev_ventas, ev_movistararena, ev_vistalegre, cof_cierre"
301,366,27,22,0.7354411311805582,1909.9699620912368,2558.5983804696193,42.43728532222833,"nu_dia_sem, in_laborable, in_lectivo, in_navidad, in_primeromayo, in_2demayo, in_asuncion, in_purisima, in_juesanto, in_viesanto, in_santiago, in_blackfriday, nu_semana, precio_gasolina, t_med, ev_bernabeu, ev_ifema, ev_ventas, ev_movistararena, ev_vallecas, ev_vistalegre, cof_cierre"
302,366,30,20,0.7981086934577569,925.6269303895492,1219.4839009842658,29.006950341354088,"in_laborable, in_lectivo, in_navidad, in_primeromayo, in_2demayo, in_sanisidro, in_asuncion, in_juesanto, in_viesanto, in_santiago, in_blackfriday, nu_semana, precio_diesel, t_med, hum_rel_med, ev_bernabeu, ev_ifema, ev_ventas, ev_vallecas, cof_cierre"
303,366,30,27,0.8098938413847578,562.1310885882009,768.1513831495602,8.22975894704364,"nu_mes, nu_dia_sem, in_laborable, in_lectivo, in_navidad, in_primeromayo, in_2demayo, in_sanisidro, in_asuncion, in_12oct, in_purisima, in_juesanto, in_viesanto, in_santiago, in_blackfriday, nu_semana, precio_diesel, t_med, hum_rel_med, ev_bernabeu, ev_ifema, ev_ventas, ev_metropolitano, ev_movistararena, ev_vallecas, ev_vistalegre, cof_cierre"
304,366,27,23,0.8337209894396926,1442.748594888737,1910.0153612056095,5.4290439189066815,"nu_dia_sem, in_laborable, in_lectivo, in_navidad, in_primeromayo, in_2demayo, in_asuncion, in_juesanto, in_viesanto, in_santiago, in_blackfriday, precio_gasolina, t_med, precipitaciones, hum_rel_med, ev_bernabeu, ev_ifema, ev_ventas, ev_metropolitano, ev_movistararena, ev_vallecas, ev_vistalegre, cof_cierre"
305,366,22,18,0.6795807643696138,879.6457187838549,1184.4079221027512,6.628930022964343,"nu_dia_sem, in_laborable, in_lectivo, in_navidad, in_primeromayo, in_sanisidro, in_asuncion, in_constitucion, in_juesanto, in_viesanto, in_blackfriday, nu_semana, precio_gasolina, t_med, ev_bernabeu, ev_ifema, ev_movistararena, cof_cierre"
307,366,25,19,0.32339929821968705,2664.6969684591572,3545.4960756621754,36.44168591084831,"nu_dia_sem, in_laborable, in_lectivo, in_navidad, in_asuncion, in_12oct, in_almudena, in_constitucion, in_blackfriday, nu_semana, t_med, vel_med_viento, hum_rel_med, ev_bernabeu, ev_ifema, ev_ventas, ev_vallecas, ev_vistalegre, cof_cierre"
308,366,20,14,0.44476710833911637,3226.166031233243,4104.786185646639,54.623557907366944,"in_lectivo, in_navidad, in_asuncion, in_almudena, in_viesanto, in_santiago, in_blackfriday, nu_semana, precio_gasolina, t_med, vel_med_viento, ev_ifema, ev_movistararena, cof_cierre"
309,366,27,20,0.8811496975921975,417.8138490244228,533.4486941884909,12.392466560949606,"nu_mes, nu_dia_sem, in_laborable, in_lectivo, in_navidad, in_primeromayo, in_2demayo, in_asuncion, in_purisima, in_juesanto, in_viesanto, precio_gasolina, t_med, precipitaciones, hum_rel_med, ev_bernabeu, ev_ifema, ev_ventas, ev_metropolitano, ev_movistararena"
310,366,27,24,0.8357458686331095,2444.4473770672253,3068.7804996735035,26.833001825907925,"in_laborable, in_lectivo, in_navidad, in_primeromayo, in_2demayo, in_sanisidro, in_asuncion, in_purisima, in_juesanto, in_viesanto, in_santiago, in_blackfriday, precio_gasolina, t_med, precipitaciones, hum_rel_med, ev_bernabeu, ev_ifema, ev_ventas, ev_metropolitano, ev_movistararena, ev_vallecas, ev_vistalegre, cof_cierre"
311,366,27,21,0.8738795119461942,5394.531155270166,6832.29657367283,113.64150275418413,"nu_dia_sem, in_laborable, in_lectivo, in_navidad, in_primeromayo, in_2demayo, in_asuncion, in_12oct, in_purisima, in_juesanto, in_viesanto, precio_gasolina, t_med, hum_rel_med, ev_bernabeu, ev_ifema, ev_ventas, ev_metropolitano, ev_movistararena, ev_vallecas, cof_cierre"
351,366,30,24,0.7402122455409299,595.7187408448015,794.1409598456682,15.378343787029875,"nu_dia_sem, in_laborable, in_lectivo, in_navidad, in_primeromayo, in_2demayo, in_sanisidro, in_asuncion, in_purisima, in_juesanto, in_viesanto, in_santiago, in_blackfriday, nu_semana, precio_diesel, t_med, hum_rel_med, ev_bernabeu, ev_ifema, ev_ventas, ev_movistararena, ev_vallecas, ev_vistalegre, cof_cierre"
352,366,28,15,0.8592510601636428,493.61418370589433,677.1669412616667,31.59591901429898,"nu_dia_sem, in_laborable, in_lectivo, in_navidad, in_primeromayo, in_sanisidro, in_asuncion, in_juesanto, in_viesanto, t_med, ev_bernabeu, ev_ifema, ev_movistararena, ev_vallecas, cof_cierre"
353,366,31,26,0.7421311218603344,727.3612747665359,1009.7627129314819,8.899732004527728,"nu_dia_sem, in_laborable, in_lectivo, in_navidad, in_primeromayo, in_2demayo, in_sanisidro, in_asuncion, in_purisima, in_juesanto, in_viesanto, in_santiago, in_blackfriday, nu_semana, precio_gasolina, precio_diesel, t_med, hum_rel_med, ev_bernabeu, ev_ifema, ev_ventas, ev_metropolitano, ev_movistararena, ev_vallecas, ev_vistalegre, cof_cierre"
354,366,27,22,0.8238222466438221,633.0341874015451,889.5387277793258,10.481753088593148,"nu_dia_sem, in_laborable, in_lectivo, in_navidad, in_primeromayo, in_2demayo, in_asuncion, in_purisima, in_juesanto, in_viesanto, in_santiago, in_blackfriday, nu_semana, precio_diesel, t_med, ev_bernabeu, ev_ifema, ev_ventas, ev_metropolitano, ev_vallecas, ev_vistalegre, cof_cierre"
355,366,30,23,0.7959923373711337,1076.4072167880813,1430.7482036818283,26.6576515526064,"nu_dia_sem, in_laborable, in_lectivo, in_navidad, in_primeromayo, in_2demayo, in_asuncion, in_purisima, in_juesanto, in_viesanto, in_santiago, in_blackfriday, nu_semana, precio_gasolina, precio_diesel, t_med, hum_rel_med, ev_bernabeu, ev_ifema, ev_movistararena, ev_vallecas, ev_vistalegre, cof_cierre"
356,366,29,17,0.7310196467418817,494.78448739337387,658.048540474269,12.94624266164803,"nu_dia_sem, in_laborable, in_lectivo, in_navidad, in_primeromayo, in_asuncion, in_12oct, in_viesanto, in_blackfriday, nu_semana, precipitaciones, vel_med_viento, ev_bernabeu, ev_metropolitano, ev_vallecas, ev_vistalegre, cof_cierre"
357,366,29,11,0.8205093715127372,806.872636471397,1087.4318153372212,70.94404775801925,"in_laborable, in_lectivo, in_navidad, in_asuncion, in_juesanto, in_viesanto, in_blackfriday, nu_semana, ev_bernabeu, ev_vallecas, cof_cierre"
404,366,26,24,0.8012059936467213,1676.8401823159645,2088.9985053479663,4.22089530029131,"nu_dia_sem, in_laborable, in_lectivo, in_navidad, in_primeromayo, in_2demayo, in_sanisidro, in_asuncion, in_juesanto, in_viesanto, in_santiago, in_blackfriday, precio_gasolina, t_med, precipitaciones, hum_rel_med, ev_bernabeu, ev_ifema, ev_ventas, ev_metropolitano, ev_movistararena, ev_vallecas, ev_vistalegre, cof_cierre"
405,366,27,21,0.860124375489878,346.6222642912551,412.18321542889663,9.278150766455061,"in_laborable, in_lectivo, in_navidad, in_primeromayo, in_2demayo, in_sanisidro, in_asuncion, in_juesanto, in_viesanto, in_santiago, in_blackfriday, nu_semana, precio_gasolina, t_med, hum_rel_med, ev_bernabeu, ev_ifema, ev_ventas, ev_metropolitano, ev_vistalegre, cof_cierre"
406,366,29,23,0.7878411446657942,740.6602955533755,969.0158938697621,18.336212765125378,"nu_dia_sem, in_laborable, in_lectivo, in_navidad, in_primeromayo, in_2demayo, in_sanisidro, in_asuncion, in_juesanto, in_viesanto, in_santiago, in_blackfriday, nu_semana, precio_gasolina, precio_diesel, t_med, hum_rel_med, ev_bernabeu, ev_ifema, ev_ventas, ev_vallecas, ev_vistalegre, cof_cierre"
407,366,27,24,0.8085953729800233,643.5343039675541,830.8477474794963,3.0330506932531898,"nu_dia_sem, in_laborable, in_lectivo, in_navidad, in_primeromayo, in_2demayo, in_sanisidro, in_asuncion, in_purisima, in_juesanto, in_viesanto, in_santiago, in_blackfriday, precio_gasolina, t_med, precipitaciones, hum_rel_med, ev_bernabeu, ev_ifema, ev_ventas, ev_metropolitano, ev_movistararena, ev_vallecas, ev_vistalegre"
409,366,28,24,0.8755943487239408,469.1440907629295,581.7019112627528,11.251605739257263,"nu_mes, nu_dia_sem, in_laborable, in_lectivo, in_navidad, in_primeromayo, in_2demayo, in_sanisidro, in_asuncion, in_purisima, in_juesanto, in_viesanto, in_santiago, in_blackfriday, precio_gasolina, t_med, hum_rel_med, ev_bernabeu, ev_ifema, ev_ventas, ev_metropolitano, ev_movistararena, ev_vallecas, ev_vistalegre"
410,366,28,23,0.8771018891254667,1522.8339286414466,1894.3986958166556,30.613385060790545,"nu_dia_sem, in_laborable, in_lectivo, in_navidad, in_primeromayo, in_2demayo, in_asuncion, in_purisima, in_juesanto, in_viesanto, in_santiago, in_blackfriday, precio_gasolina, t_med, hum_rel_med, ev_bernabeu, ev_ifema, ev_ventas, ev_metropolitano, ev_movistararena, ev_vallecas, ev_vistalegre, cof_cierre"
411,366,27,16,0.894898370942278,2632.792638837325,3527.4581621105485,102.68355123695787,"in_laborable, in_lectivo, in_navidad, in_primeromayo, in_asuncion, in_juesanto, in_viesanto, in_blackfriday, precio_gasolina, t_med, ev_bernabeu, ev_ifema, ev_movistararena, ev_vallecas, ev_vistalegre, cof_cierre"
412,366,26,23,0.77844965690357,590.4872017245016,748.978694147863,6.084544638648683,"nu_dia_sem, in_laborable, in_lectivo, in_navidad, in_primeromayo, in_2demayo, in_asuncion, in_purisima, in_juesanto, in_viesanto, in_santiago, in_blackfriday, precio_gasolina, t_med, hum_rel_med, ev_bernabeu, ev_ifema, ev_ventas, ev_metropolitano, ev_movistararena, ev_vallecas, ev_vistalegre, cof_cierre"
413,366,28,20,0.870059573000119,837.7902962219355,1023.8748316297208,23.950079591266835,"nu_dia_sem, in_laborable, in_lectivo, in_navidad, in_primeromayo, in_2demayo, in_asuncion, in_purisima, in_juesanto, in_viesanto, in_santiago, in_blackfriday, precio_gasolina, t_med, hum_rel_med, ev_bernabeu, ev_ifema, ev_ventas, ev_movistararena, ev_vallecas"
414,366,28,19,0.8448126474550739,389.9134644554727,494.2912112570522,13.007286834657334,"nu_dia_sem, in_laborable, in_lectivo, in_navidad, in_primeromayo, in_2demayo, in_asuncion, in_juesanto, in_viesanto, in_santiago, in_blackfriday, precio_gasolina, t_med, hum_rel_med, ev_bernabeu, ev_ifema, ev_ventas, ev_movistararena, ev_vistalegre"
415,366,28,21,0.846752164460113,677.0067645710254,849.8821142115231,21.32645917991806,"nu_dia_sem, in_laborable, in_lectivo, in_navidad, in_primeromayo, in_2demayo, in_asuncion, in_purisima, in_juesanto, in_viesanto, in_blackfriday, precio_gasolina, t_med, precipitaciones, hum_rel_med, ev_bernabeu, ev_ifema, ev_ventas, ev_metropolitano, ev_movistararena, ev_vallecas"
416,366,29,23,0.8917650584598541,409.578752491141,529.0723693067375,7.5320362649416275,"nu_dia_sem, in_laborable, in_lectivo, in_navidad, in_primeromayo, in_2demayo, in_asuncion, in_purisima, in_juesanto, in_viesanto, in_santiago, in_blackfriday, nu_semana, precio_diesel, t_med, hum_rel_med, ev_bernabeu, ev_ifema, ev_ventas, ev_metropolitano, ev_movistararena, ev_vallecas, ev_vistalegre"
417,366,27,23,0.7528587371501831,693.7184476571168,888.1163893305624,10.736629894164956,"nu_dia_sem, in_laborable, in_lectivo, in_navidad, in_primeromayo, in_2demayo, in_sanisidro, in_asuncion, in_purisima, in_juesanto, in_viesanto, in_santiago, in_blackfriday, precio_gasolina, t_med, hum_rel_med, ev_bernabeu, ev_ifema, ev_ventas, ev_movistararena, ev_vallecas, ev_vistalegre, cof_cierre"
418,366,28,23,0.8677586699784865,781.4338834373315,993.7182826733653,12.391532565218624,"in_laborable, in_lectivo, in_navidad, in_primeromayo, in_2demayo, in_asuncion, in_12oct, in_purisima, in_juesanto, in_viesanto, in_santiago, in_blackfriday, precio_gasolina, t_med, hum_rel_med, ev_bernabeu, ev_ifema, ev_ventas, ev_metropolitano, ev_movistararena, ev_vallecas, ev_vistalegre, cof_cierre"
419,366,26,23,0.873469231559478,423.6119454516932,530.769015377792,8.464991375343523,"nu_dia_sem, in_laborable, in_lectivo, in_navidad, in_primeromayo, in_2demayo, in_sanisidro, in_asuncion, in_12oct, in_constitucion, in_purisima, in_juesanto, in_viesanto, in_santiago, t_med, hum_rel_med, ev_bernabeu, ev_ifema, ev_ventas, ev_metropolitano, ev_movistararena, ev_vallecas, ev_vistalegre"
420,366,30,23,0.832287832154003,265.6879590217818,368.2124157694948,4.855635735046063,"nu_dia_sem, in_laborable, in_lectivo, in_navidad, in_primeromayo, in_2demayo, in_sanisidro, in_asuncion, in_purisima, in_juesanto, in_viesanto, in_santiago, in_blackfriday, nu_semana, precio_diesel, t_med, ev_bernabeu, ev_ifema, ev_ventas, ev_metropolitano, ev_vallecas, ev_vistalegre, cof_cierre"
421,366,30,21,0.8567433634878426,335.47855135942257,442.92807117441157,8.824936031575342,"in_laborable, in_lectivo, in_navidad, in_primeromayo, in_2demayo, in_asuncion, in_purisima, in_juesanto, in_viesanto, in_blackfriday, nu_semana, precio_diesel, t_med, hum_rel_med, ev_bernabeu, ev_ifema, ev_ventas, ev_movistararena, ev_vallecas, ev_vistalegre, cof_cierre"
422,366,26,22,0.8596011968354917,214.82232031040817,283.9042146284206,1.4325201285532587,"nu_dia_sem, in_laborable, in_lectivo, in_navidad, in_primeromayo, in_2demayo, in_asuncion, in_12oct, in_purisima, in_juesanto, in_viesanto, in_santiago, in_blackfriday, t_med, ev_bernabeu, ev_ifema, ev_ventas, ev_metropolitano, ev_movistararena, ev_vallecas, ev_vistalegre, cof_cierre"
501,366,28,20,0.7725394333229836,658.5848950597903,849.5449567652943,10.075555793688187,"nu_dia_sem, in_laborable, in_lectivo, in_navidad, in_asuncion, in_purisima, in_juesanto, in_viesanto, in_santiago, nu_semana, precio_gasolina, t_med, hum_rel_med, ev_bernabeu, ev_ifema, ev_ventas, ev_metropolitano, ev_vallecas, ev_vistalegre, cof_cierre"
502,366,27,24,0.8900389229343403,403.84492639627723,527.7032043498555,10.04900868699663,"nu_dia_sem, in_laborable, in_lectivo, in_navidad, in_primeromayo, in_2demayo, in_asuncion, in_purisima, in_juesanto, in_viesanto, in_santiago, in_blackfriday, nu_semana, precio_gasolina, t_med, hum_rel_med, ev_bernabeu, ev_ifema, ev_ventas, ev_metropolitano, ev_movistararena, ev_vallecas, ev_vistalegre, cof_cierre"
503,366,27,17,0.8995220006361311,552.2056347537812,691.249144263769,18.91260107501922,"nu_dia_sem, in_laborable, in_lectivo, in_navidad, in_primeromayo, in_2demayo, in_asuncion, in_constitucion, in_santiago, t_med, ev_bernabeu, ev_ifema, ev_ventas, ev_metropolitano, ev_movistararena, ev_vallecas, ev_vistalegre"
504,366,30,23,0.8658352460809934,703.55451768557,928.9394786863844,15.864817807911205,"in_laborable, in_lectivo, in_navidad, in_primeromayo, in_2demayo, in_asuncion, in_purisima, in_juesanto, in_viesanto, in_santiago, in_blackfriday, nu_semana, precio_diesel, t_med, hum_rel_med, ev_bernabeu, ev_ifema, ev_ventas, ev_metropolitano, ev_movistararena, ev_vallecas, ev_vistalegre, cof_cierre"
505,366,28,23,0.7419924874799528,910.9187188175603,1289.9705084288705,19.30269362242478,"nu_dia_sem, in_laborable, in_lectivo, in_navidad, in_primeromayo, in_2demayo, in_asuncion, in_purisima, in_juesanto, in_viesanto, in_santiago, in_blackfriday, nu_semana, precio_gasolina, t_med, hum_rel_med, ev_bernabeu, ev_ifema, ev_ventas, ev_metropolitano, ev_vallecas, ev_vistalegre, cof_cierre"
506,366,29,22,0.7769307586577628,595.7788695407884,818.3939701731838,12.61069857991751,"nu_dia_sem, in_laborable, in_lectivo, in_navidad, in_primeromayo, in_2demayo, in_asuncion, in_purisima, in_juesanto, in_viesanto, in_santiago, in_blackfriday, nu_semana, precio_gasolina, precio_diesel, t_med, ev_bernabeu, ev_ifema, ev_ventas, ev_metropolitano, ev_vallecas, cof_cierre"
507,366,29,24,0.8279990908209797,721.5774369340905,973.823135175247,10.933130082072896,"nu_dia_sem, in_laborable, in_lectivo, in_navidad, in_primeromayo, in_2demayo, in_asuncion, in_12oct, in_purisima, in_juesanto, in_viesanto, in_santiago, in_blackfriday, nu_semana, precio_gasolina, t_med, hum_rel_med, ev_bernabeu, ev_ifema, ev_ventas, ev_metropolitano, ev_vallecas, ev_vistalegre, cof_cierre"
510,366,27,24,0.8794179068448819,1050.621509316635,1324.6294934376438,4.460790143288549,"nu_dia_sem, in_laborable, in_lectivo, in_navidad, in_primeromayo, in_2demayo, in_sanisidro, in_asuncion, in_constitucion, in_purisima, in_juesanto, in_viesanto, in_santiago, in_blackfriday, t_med, precipitaciones, hum_rel_med, ev_bernabeu, ev_ifema, ev_ventas, ev_metropolitano, ev_movistararena, ev_vallecas, ev_vistalegre"
511,366,30,23,0.8891343985177967,579.9546301120026,725.3371823710593,11.920831665893575,"nu_dia_sem, in_laborable, in_lectivo, in_navidad, in_primeromayo, in_2demayo, in_sanisidro, in_asuncion, in_almudena, in_purisima, in_juesanto, in_viesanto, in_santiago, nu_semana, precio_diesel, t_med, hum_rel_med, ev_bernabeu, ev_ifema, ev_ventas, ev_metropolitano, ev_movistararena, ev_vallecas"
513,366,21,18,0.5510699300990358,633.4159873684017,798.1808892361454,6.498571699530829,"nu_dia_sem, in_laborable, in_lectivo, in_navidad, in_primeromayo, in_2demayo, in_asuncion, in_juesanto, in_viesanto, in_santiago, in_blackfriday, precio_gasolina, t_med, precipitaciones, ev_bernabeu, ev_ifema, ev_movistararena, cof_cierre"
517,366,22,16,0.6595148847772606,783.8884074551888,990.7884733642658,34.10935252784411,"nu_dia_sem, in_lectivo, in_navidad, in_sanisidro, in_constitucion, in_blackfriday, nu_semana, precio_gasolina, t_med, ev_bernabeu, ev_ifema, ev_ventas, ev_metropolitano, ev_vallecas, ev_vistalegre, cof_cierre"
518,366,23,19,0.804508472465507,466.15863365800936,611.7108819412838,11.279298797740974,"nu_dia_sem, in_laborable, in_lectivo, in_navidad, in_asuncion, in_12oct, in_santiago, in_blackfriday, t_med, precipitaciones, vel_med_viento, hum_rel_med, ev_bernabeu, ev_ifema, ev_ventas, ev_movistararena, ev_vallecas, ev_vistalegre, cof_cierre"
519,366,23,18,0.7646678337124182,326.3301521505532,404.46780093391436,7.565703884270641,"nu_dia_sem, in_laborable, in_lectivo, in_navidad, in_asuncion, in_juesanto, in_viesanto, in_blackfriday, precio_gasolina, t_med, precipitaciones, vel_med_viento, hum_rel_med, ev_bernabeu, ev_ifema, ev_movistararena, ev_vallecas, cof_cierre"
520,366,26,21,0.6179007504314722,458.13818897097764,829.1122778848769,11.298368877545819,"nu_mes, nu_dia_sem, in_laborable, in_lectivo, in_navidad, in_primeromayo, in_sanisidro, in_asuncion, in_juesanto, in_viesanto, in_santiago, in_blackfriday, precio_gasolina, t_med, ev_bernabeu, ev_ifema, ev_ventas, ev_metropolitano, ev_movistararena, ev_vistalegre, cof_cierre"
521,366,25,15,0.5532558428622381,1127.0704534225233,1814.5402031432304,69.27735024405501,"in_laborable, in_lectivo, in_navidad, in_sanisidro, in_asuncion, in_juesanto, in_viesanto, in_santiago, in_blackfriday, nu_semana, t_med, ev_bernabeu, ev_ventas, ev_metropolitano, cof_cierre"
522,366,23,21,0.4970655675294915,1036.5166416335394,1925.7919626099404,37.1205673909353,"nu_dia_sem, in_laborable, in_lectivo, in_navidad, in_primeromayo, in_sanisidro, in_asuncion, in_juesanto, in_viesanto, in_santiago, in_blackfriday, nu_semana, precio_gasolina, t_med, vel_med_viento, ev_bernabeu, ev_ventas, ev_metropolitano, ev_movistararena, ev_vistalegre, cof_cierre"
523,366,29,23,0.781683294894935,1580.110488971339,2244.163396837868,34.81026205200573,"nu_dia_sem, in_laborable, in_lectivo, in_navidad, in_primeromayo, in_2demayo, in_asuncion, in_purisima, in_juesanto, in_viesanto, in_santiago, in_blackfriday, nu_semana, precio_diesel, t_med, hum_rel_med, ev_bernabeu, ev_ifema, ev_ventas, ev_metropolitano, ev_vallecas, ev_vistalegre, cof_cierre"
524,366,23,21,0.7397641608261436,759.7290572921828,1013.0888510067937,1.3692832639458177,"nu_mes, nu_dia_sem, in_laborable, in_lectivo, in_navidad, in_primeromayo, in_2demayo, in_asuncion, in_purisima, in_juesanto, in_viesanto, in_santiago, nu_semana, precio_gasolina, precio_diesel, t_med, hum_rel_med, ev_movistararena, ev_vallecas, ev_vistalegre, cof_cierre"
525,366,29,23,0.8141356013459458,514.8156338874517,735.9586061653101,11.15689115490713,"nu_dia_sem, in_laborable, in_lectivo, in_navidad, in_primeromayo, in_2demayo, in_asuncion, in_purisima, in_juesanto, in_viesanto, in_santiago, in_blackfriday, nu_semana, precio_gasolina, t_med, hum_rel_med, ev_bernabeu, ev_ifema, ev_ventas, ev_metropolitano, ev_vallecas, ev_vistalegre, cof_cierre"
526,366,25,22,0.8326753520962066,292.47354979885034,411.26975915091936,1.6065663043633254,"nu_dia_sem, in_laborable, in_lectivo, in_navidad, in_primeromayo, in_2demayo, in_asuncion, in_juesanto, in_viesanto, in_blackfriday, nu_semana, precio_gasolina, t_med, vel_med_viento, hum_rel_med, ev_bernabeu, ev_ifema, ev_metropolitano, ev_movistararena, ev_vallecas, ev_vistalegre, cof_cierre"
527,366,29,17,0.763234681482531,1353.0673382381824,1869.3308629292146,69.0529703694454,"in_laborable, in_lectivo, in_navidad, in_primeromayo, in_asuncion, in_purisima, in_juesanto, in_viesanto, in_santiago, in_blackfriday, nu_semana, t_med, ev_bernabeu, ev_ifema, ev_ventas, ev_vallecas, cof_cierre"
528,366,26,23,0.820550155300286,310.70147301238427,412.32869722234284,0.847797842456878,"nu_dia_sem, in_laborable, in_lectivo, in_navidad, in_primeromayo, in_2demayo, in_asuncion, in_purisima, in_juesanto, in_viesanto, in_santiago, in_blackfriday, precio_gasolina, t_med, hum_rel_med, ev_bernabeu, ev_ifema, ev_ventas, ev_metropolitano, ev_movistararena, ev_vallecas, ev_vistalegre, cof_cierre"
529,366,30,23,0.8359218230800569,417.8289466166452,585.5691102581275,8.1277005822124,"nu_dia_sem, in_laborable, in_lectivo, in_navidad, in_primeromayo, in_2demayo, in_asuncion, in_purisima, in_juesanto, in_viesanto, in_santiago, in_blackfriday, nu_semana, precio_diesel, t_med, ev_bernabeu, ev_ifema, ev_ventas, ev_metropolitano, ev_movistararena, ev_vallecas, ev_vistalegre, cof_cierre"
530,366,26,19,0.764509254558736,338.4465185330096,452.57588563442306,6.208864059360309,"nu_dia_sem, in_laborable, in_lectivo, in_navidad, in_2demayo, in_asuncion, in_purisima, in_juesanto, in_viesanto, in_santiago, in_blackfriday, nu_semana, t_med, hum_rel_med, ev_bernabeu, ev_metropolitano, ev_movistararena, ev_vallecas, cof_cierre"
551,366,22,18,0.7174150952307451,209.6007587692942,277.5578199014424,1.0252068851667473,"nu_dia_sem, in_laborable, in_lectivo, in_navidad, in_asuncion, in_juesanto, in_viesanto, in_santiago, in_blackfriday, t_med, hum_rel_med, ev_bernabeu, ev_ifema, ev_metropolitano, ev_movistararena, ev_vallecas, ev_vistalegre, cof_cierre"
552,366,25,19,0.844297876088941,337.09953497800194,451.9786587989557,10.441967293889155,"in_laborable, in_lectivo, in_navidad, in_primeromayo, in_2demayo, in_asuncion, in_purisima, in_juesanto, in_viesanto, in_santiago, in_blackfriday, t_med, ev_bernabeu, ev_ifema, ev_ventas, ev_metropolitano, ev_movistararena, ev_vallecas, cof_cierre"
601,366,30,25,0.815193274680633,521.2693074095138,707.475867049564,5.924188548515316,"nu_mes, nu_dia_sem, in_laborable, in_lectivo, in_navidad, in_primeromayo, in_2demayo, in_asuncion, in_purisima, in_juesanto, in_viesanto, in_santiago, in_blackfriday, nu_semana, precio_gasolina, precio_diesel, t_med, vel_med_viento, ev_bernabeu, ev_ifema, ev_ventas, ev_metropolitano, ev_vallecas, ev_vistalegre, cof_cierre"
602,366,29,24,0.7993214120853793,863.0650300683404,1206.1123122936024,24.105296713188885,"nu_dia_sem, in_laborable, in_lectivo, in_navidad, in_primeromayo, in_2demayo, in_asuncion, in_purisima, in_juesanto, in_viesanto, in_santiago, in_blackfriday, nu_semana, precio_gasolina, precio_diesel, t_med, hum_rel_med, ev_bernabeu, ev_ifema, ev_ventas, ev_metropolitano, ev_vallecas, ev_vistalegre, cof_cierre"
604,366,30,15,0.8159838157627429,583.9552450335271,801.4905158753214,32.87069762587816,"in_laborable, in_lectivo, in_navidad, in_primeromayo, in_asuncion, in_purisima, in_juesanto, in_viesanto, in_santiago, nu_semana, t_med, ev_bernabeu, ev_ifema, ev_vallecas, cof_cierre"
605,366,29,20,0.8178736436867124,1729.6956048264947,2392.5141612220514,50.69429204523681,"nu_dia_sem, in_laborable, in_lectivo, in_navidad, in_primeromayo, in_asuncion, in_purisima, in_juesanto, in_viesanto, nu_semana, precio_diesel, t_med, hum_rel_med, ev_bernabeu, ev_ifema, ev_ventas, ev_movistararena, ev_vallecas, ev_vistalegre, cof_cierre"
606,366,22,20,0.36770689086919883,1614.5295172527829,2083.398189108489,29.319840156558183,"nu_mes, nu_dia_sem, in_laborable, in_lectivo, in_navidad, in_primeromayo, in_2demayo, in_sanisidro, in_asuncion, in_purisima, in_santiago, in_blackfriday, precio_gasolina, t_med, hum_rel_med, ev_ifema, ev_ventas, ev_movistararena, ev_vistalegre, cof_cierre"
608,366,26,21,0.856832643123984,427.80326179377334,513.7247726304174,5.3921494921590485,"nu_dia_sem, in_laborable, in_lectivo, in_navidad, in_primeromayo, in_2demayo, in_sanisidro, in_asuncion, in_purisima, in_juesanto, in_viesanto, in_santiago, in_blackfriday, t_med, hum_rel_med, ev_bernabeu, ev_ifema, ev_ventas, ev_metropolitano, ev_movistararena, ev_vistalegre"
609,366,32,17,0.888716301506459,1412.2026741927323,1946.5179762489936,57.92704349188725,"in_laborable, in_lectivo, in_navidad, in_asuncion, in_purisima, in_juesanto, in_viesanto, nu_semana, precio_gasolina, t_med, hum_rel_med, ev_bernabeu, ev_ifema, ev_ventas, ev_metropolitano, ev_vallecas, cof_cierre"
611,366,28,22,0.8802164435807854,1574.2248307620405,1901.0637890331675,28.613245153128005,"in_laborable, in_lectivo, in_navidad, in_primeromayo, in_2demayo, in_sanisidro, in_asuncion, in_12oct, in_constitucion, in_purisima, in_juesanto, in_viesanto, in_santiago, t_med, hum_rel_med, ev_bernabeu, ev_ifema, ev_ventas, ev_metropolitano, ev_movistararena, ev_vallecas, cof_cierre"
612,366,29,24,0.8759969377328513,829.791179599653,1041.0572847504827,12.444134182292853,"nu_dia_sem, in_laborable, in_lectivo, in_navidad, in_primeromayo, in_2demayo, in_sanisidro, in_asuncion, in_purisima, in_juesanto, in_viesanto, in_santiago, in_blackfriday, nu_semana, precio_diesel, t_med, hum_rel_med, ev_bernabeu, ev_ifema, ev_ventas, ev_metropolitano, ev_movistararena, ev_vallecas, ev_vistalegre"
613,366,27,21,0.8805169076814068,966.4628845417386,1198.0799893488968,14.305737425021091,"nu_dia_sem, in_laborable, in_lectivo, in_navidad, in_primeromayo, in_2demayo, in_sanisidro, in_asuncion, in_almudena, in_purisima, in_juesanto, in_viesanto, in_santiago, precio_gasolina, t_med, hum_rel_med, ev_bernabeu, ev_ifema, ev_metropolitano, ev_movistararena, ev_vistalegre"
617,366,31,27,0.8769088431338874,518.2699293668363,683.7499107601647,4.613172678538178,"nu_dia_sem, in_laborable, in_lectivo, in_navidad, in_primeromayo, in_2demayo, in_sanisidro, in_asuncion, in_12oct, in_almudena, in_constitucion, in_purisima, in_juesanto, in_viesanto, in_santiago, nu_semana, precio_gasolina, precio_diesel, t_med, hum_rel_med, ev_bernabeu, ev_ifema, ev_ventas, ev_metropolitano, ev_movistararena, ev_vallecas, ev_vistalegre"
618,366,30,24,0.8582981046738734,4109.745485729518,4977.191165805432,93.29670560878878,"nu_dia_sem, in_laborable, in_lectivo, in_navidad, in_primeromayo, in_2demayo, in_sanisidro, in_asuncion, in_purisima, in_juesanto, in_viesanto, in_santiago, in_blackfriday, nu_semana, precio_diesel, t_med, hum_rel_med, ev_bernabeu, ev_ifema, ev_ventas, ev_metropolitano, ev_movistararena, ev_vallecas, cof_cierre"
620,366,29,19,0.8778812483194549,1128.4646004410477,1495.2075856348508,30.980899120649593,"nu_dia_sem, in_laborable, in_lectivo, in_navidad, in_primeromayo, in_2demayo, in_asuncion, in_juesanto, in_viesanto, in_blackfriday, precio_gasolina, t_med, hum_rel_med, ev_bernabeu, ev_ifema, ev_ventas, ev_metropolitano, ev_movistararena, ev_vallecas"
621,366,25,12,0.775048257608308,1051.5704143731484,1378.1290854435315,57.72954109999722,"in_laborable, in_lectivo, in_navidad, in_viesanto, in_santiago, in_blackfriday, precio_gasolina, t_med, vel_med_viento, hum_rel_med, ev_ifema, ev_movistararena"
622,366,26,17,0.7393295369541646,4092.266249637774,5008.77658872447,171.24677902139032,"nu_dia_sem, in_laborable, in_lectivo, in_navidad, in_constitucion, in_juesanto, in_viesanto, in_santiago, in_blackfriday, t_med, vel_med_viento, hum_rel_med, ev_ifema, ev_ventas, ev_movistararena, ev_vallecas, ev_vistalegre"
625,366,25,22,0.716038624759556,4305.36526905706,5935.1258417720865,8.614237089064556,"nu_mes, nu_dia_sem, in_laborable, in_lectivo, in_navidad, in_asuncion, in_juesanto, in_viesanto, in_santiago, in_blackfriday, nu_semana, precio_gasolina, precio_diesel, t_med, hum_rel_med, ev_bernabeu, ev_ifema, ev_metropolitano, ev_movistararena, ev_vallecas, ev_vistalegre, cof_cierre"
626,366,26,23,0.7883138552286427,783.0989672461776,1002.5690263339404,1.9028173759739777,"nu_dia_sem, in_laborable, in_lectivo, in_navidad, in_primeromayo, in_2demayo, in_asuncion, in_constitucion, in_purisima, in_juesanto, in_viesanto, in_santiago, in_blackfriday, t_med, hum_rel_med, ev_bernabeu, ev_ifema, ev_ventas, ev_metropolitano, ev_movistararena, ev_vallecas, ev_vistalegre, cof_cierre"
627,366,27,24,0.8266498558497442,644.280615999597,806.2505546562143,3.635865460835727,"nu_dia_sem, in_laborable, in_lectivo, in_navidad, in_primeromayo, in_2demayo, in_sanisidro, in_asuncion, in_purisima, in_juesanto, in_viesanto, in_santiago, in_blackfriday, precio_gasolina, t_med, hum_rel_med, ev_bernabeu, ev_ifema, ev_ventas, ev_metropolitano, ev_movistararena, ev_vallecas, ev_vistalegre, cof_cierre"
628,366,30,24,0.7696638770984191,760.965471208734,1094.7666301788006,20.40446309819733,"nu_dia_sem, in_laborable, in_lectivo, in_navidad, in_primeromayo, in_2demayo, in_sanisidro, in_asuncion, in_purisima, in_juesanto, in_viesanto, in_santiago, in_blackfriday, nu_semana, precio_gasolina, precio_diesel, t_med, hum_rel_med, ev_bernabeu, ev_ifema, ev_ventas, ev_metropolitano, ev_vallecas, cof_cierre"
701,366,30,21,0.7852485370758392,423.64229615967565,580.7451865595341,16.618107956491993,"nu_mes, in_laborable, in_lectivo, in_navidad, in_primeromayo, in_2demayo, in_asuncion, in_juesanto, in_viesanto, in_blackfriday, precio_gasolina, precio_diesel, t_med, hum_rel_med, ev_bernabeu, ev_ifema, ev_ventas, ev_metropolitano, ev_movistararena, ev_vistalegre, cof_cierre"
702,366,29,11,0.7551476371510946,458.16253448254025,619.4879872779555,27.069153072962894,"nu_dia_sem, in_laborable, in_lectivo, in_navidad, in_juesanto, in_viesanto, in_blackfriday, ev_bernabeu, ev_ifema, ev_movistararena, cof_cierre"
703,366,27,16,0.7235896408923924,597.897766970369,830.8123437865859,32.41906292430995,"in_laborable, in_lectivo, in_navidad, in_asuncion, in_juesanto, in_viesanto, in_santiago, in_blackfriday, precio_gasolina, vel_med_viento, ev_bernabeu, ev_ifema, ev_metropolitano, ev_movistararena, ev_vallecas, cof_cierre"
704,366,32,14,0.8670991385501825,564.9686327730252,922.1759464986447,38.386028152526904,"in_laborable, in_lectivo, in_navidad, in_juesanto, in_viesanto, in_blackfriday, precio_diesel, t_med, hum_rel_med, ev_bernabeu, ev_ifema, ev_ventas, ev_vallecas, cof_cierre"
705,366,27,13,0.8563367315950275,500.43634930459075,694.5566251473415,28.706033555827638,"in_laborable, in_lectivo, in_navidad, in_primeromayo, in_asuncion, in_purisima, in_juesanto, in_viesanto, t_med, ev_bernabeu, ev_ifema, ev_vallecas, cof_cierre"
707,366,27,22,0.8792106541499936,564.2438633903785,730.5636935586573,16.702411314418757,"in_laborable, in_lectivo, in_navidad, in_primeromayo, in_2demayo, in_sanisidro, in_asuncion, in_constitucion, in_purisima, in_juesanto, in_viesanto, in_santiago, in_blackfriday, t_med, hum_rel_med, ev_bernabeu, ev_ifema, ev_ventas, ev_metropolitano, ev_movistararena, ev_vallecas, cof_cierre"
708,366,26,21,0.8824080340400696,355.01884738941476,444.30510617100634,7.88770963734219,"nu_dia_sem, in_laborable, in_lectivo, in_navidad, in_primeromayo, in_2demayo, in_asuncion, in_constitucion, in_purisima, in_juesanto, in_viesanto, in_santiago, in_blackfriday, t_med, hum_rel_med, ev_bernabeu, ev_ifema, ev_ventas, ev_metropolitano, ev_movistararena, ev_vallecas"
709,366,26,21,0.8570717636131677,433.8221222052432,523.1060848464149,9.05049377807543,"nu_dia_sem, in_laborable, in_lectivo, in_navidad, in_primeromayo, in_2demayo, in_sanisidro, in_asuncion, in_constitucion, in_purisima, in_juesanto, in_viesanto, in_santiago, t_med, ev_bernabeu, ev_ifema, ev_ventas, ev_metropolitano, ev_movistararena, ev_vallecas, cof_cierre"
711,366,29,22,0.8894785137719914,1263.229239861796,1517.5108915770288,31.8610945300572,"nu_dia_sem, in_laborable, in_lectivo, in_navidad, in_primeromayo, in_2demayo, in_sanisidro, in_asuncion, in_12oct, in_juesanto, in_viesanto, in_santiago, in_blackfriday, precio_gasolina, t_med, hum_rel_med, ev_bernabeu, ev_ifema, ev_ventas, ev_metropolitano, ev_movistararena, ev_vistalegre"
712,366,29,22,0.8694354643728193,537.9901992645576,659.0993650366399,11.822839955663559,"nu_dia_sem, in_laborable, in_lectivo, in_navidad, in_primeromayo, in_2demayo, in_sanisidro, in_asuncion, in_purisima, in_juesanto, in_viesanto, in_santiago, nu_semana, precio_diesel, t_med, hum_rel_med, ev_bernabeu, ev_ifema, ev_ventas, ev_metropolitano, ev_movistararena, ev_vallecas"
714,366,28,21,0.875204070859087,1351.680761917021,1707.9730752662347,32.38966361270115,"nu_mes, nu_dia_sem, in_laborable, in_lectivo, in_navidad, in_primeromayo, in_2demayo, in_sanisidro, in_asuncion, in_purisima, in_juesanto, in_viesanto, in_blackfriday, precio_gasolina, t_med, hum_rel_med, ev_bernabeu, ev_ifema, ev_ventas, ev_metropolitano, ev_movistararena"
716,366,27,20,0.8463817650906151,858.0731585574807,1046.0880930324442,21.814729812794038,"in_laborable, in_lectivo, in_navidad, in_primeromayo, in_2demayo, in_asuncion, in_purisima, in_juesanto, in_viesanto, in_blackfriday, precio_gasolina, t_med, hum_rel_med, ev_bernabeu, ev_ifema, ev_ventas, ev_metropolitano, ev_movistararena, ev_vallecas, ev_vistalegre"
717,366,26,23,0.7905790291974633,344.1469158394025,435.128355464926,0.8288230023625376,"nu_dia_sem, in_laborable, in_lectivo, in_navidad, in_primeromayo, in_2demayo, in_asuncion, in_purisima, in_juesanto, in_viesanto, in_santiago, in_blackfriday, precio_gasolina, t_med, hum_rel_med, ev_bernabeu, ev_ifema, ev_ventas, ev_metropolitano, ev_movistararena, ev_vallecas, ev_vistalegre, cof_cierre"
718,366,23,21,0.8338448754957948,360.9415994494259,461.1866267302157,0.9968838192622133,"nu_dia_sem, in_laborable, in_lectivo, in_navidad, in_primeromayo, in_2demayo, in_asuncion, in_juesanto, in_viesanto, in_santiago, in_blackfriday, t_med, hum_rel_med, ev_bernabeu, ev_ifema, ev_ventas, ev_metropolitano, ev_movistararena, ev_vallecas, ev_vistalegre, cof_cierre"
719,366,25,22,0.8102610769993381,557.9492873469567,724.1996663699458,2.427748507809815,"nu_dia_sem, in_laborable, in_lectivo, in_navidad, in_primeromayo, in_2demayo, in_asuncion, in_purisima, in_juesanto, in_viesanto, in_santiago, in_blackfriday, t_med, hum_rel_med, ev_bernabeu, ev_ifema, ev_ventas, ev_metropolitano, ev_movistararena, ev_vallecas, ev_vistalegre, cof_cierre"
720,366,24,21,0.8708962987853495,364.8674028544258,436.0026537663817,6.490117299547779,"nu_dia_sem, in_laborable, in_lectivo, in_navidad, in_primeromayo, in_2demayo, in_asuncion, in_purisima, in_juesanto, in_viesanto, in_santiago, in_blackfriday, t_med, hum_rel_med, ev_bernabeu, ev_ifema, ev_ventas, ev_metropolitano, ev_movistararena, ev_vallecas, ev_vistalegre"
721,366,27,23,0.8693051471362077,238.21486893501503,313.4061567645692,4.4793333313469,"in_laborable, in_lectivo, in_navidad, in_primeromayo, in_2demayo, in_asuncion, in_purisima, in_juesanto, in_viesanto, in_santiago, in_blackfriday, nu_semana, precio_diesel, t_med, hum_rel_med, ev_bernabeu, ev_ifema, ev_ventas, ev_metropolitano, ev_movistararena, ev_vallecas, ev_vistalegre, cof_cierre"
722,366,25,21,0.8789745375053407,94.66966203871796,119.64254788957015,1.7101105698940622,"nu_dia_sem, in_laborable, in_lectivo, in_navidad, in_primeromayo, in_2demayo, in_asuncion, in_purisima, in_juesanto, in_viesanto, in_santiago, in_blackfriday, t_med, hum_rel_med, ev_bernabeu, ev_ifema, ev_ventas, ev_metropolitano, ev_movistararena, ev_vallecas, ev_vistalegre"
723,366,28,24,0.8616340370658049,130.79409339486193,165.80998670584435,1.2411390560649893,"nu_dia_sem, in_laborable, in_lectivo, in_navidad, in_primeromayo, in_2demayo, in_sanisidro, in_asuncion, in_12oct, in_almudena, in_juesanto, in_viesanto, in_santiago, in_blackfriday, t_med, hum_rel_med, ev_bernabeu, ev_ifema, ev_ventas, ev_metropolitano, ev_movistararena, ev_vallecas, ev_vistalegre, cof_cierre"
751,366,8,5,0.9942907869326304,276.55154871870866,428.403144748654,14.076901810566891,"nu_dia_sem, in_laborable, ev_bernabeu, ev_metropolitano, cof_cierre"
802,366,31,24,0.8919179342628843,1225.1827245261688,1470.9143314758576,21.631870285710786,"nu_dia_sem, in_laborable, in_lectivo, in_navidad, in_primeromayo, in_2demayo, in_sanisidro, in_asuncion, in_purisima, in_juesanto, in_viesanto, in_santiago, in_blackfriday, nu_semana, precio_diesel, t_med, precipitaciones, hum_rel_med, ev_bernabeu, ev_ifema, ev_ventas, ev_metropolitano, ev_movistararena, ev_vallecas"
803,366,28,23,0.8784851162398777,361.6430276292078,468.16852927829046,7.388357545182255,"in_laborable, in_lectivo, in_navidad, in_primeromayo, in_2demayo, in_sanisidro, in_asuncion, in_purisima, in_juesanto, in_viesanto, in_santiago, in_blackfriday, nu_semana, precio_gasolina, t_med, hum_rel_med, ev_bernabeu, ev_ifema, ev_ventas, ev_metropolitano, ev_movistararena, ev_vallecas, cof_cierre"
805,371,16,16,0.8235699198066924,1527.0303676232331,2087.552741706948,3.1859046180955666,"nu_mes, nu_dia_sem, in_laborable, in_lectivo, in_navidad, in_asuncion, in_santiago, nu_semana, precio_gasolina, precio_diesel, t_med, vel_med_viento, hum_rel_med, ev_ifema, ev_ventas, ev_movistararena"
806,366,18,15,0.2886659633724752,936.3549012268448,1105.1548442845237,8.965426224075802,"nu_mes, nu_dia_sem, in_laborable, in_lectivo, in_navidad, in_constitucion, nu_semana, precio_gasolina, precio_diesel, t_med, precipitaciones, hum_rel_med, ev_ventas, ev_vallecas, cof_cierre"
807,366,30,23,0.8619782484023243,457.61425812424784,611.9371415630307,8.237610464760113,"nu_dia_sem, in_laborable, in_lectivo, in_navidad, in_primeromayo, in_2demayo, in_asuncion, in_purisima, in_juesanto, in_viesanto, in_santiago, in_blackfriday, nu_semana, precio_gasolina, precio_diesel, t_med, ev_bernabeu, ev_ifema, ev_ventas, ev_metropolitano, ev_vallecas, ev_vistalegre, cof_cierre"
808,366,19,14,0.4890138838807706,831.0156907083551,1040.1826636477554,11.175307684881652,"nu_dia_sem, in_laborable, in_lectivo, in_navidad, in_constitucion, in_juesanto, in_viesanto, nu_semana, precio_diesel, precipitaciones, hum_rel_med, ev_ifema, ev_ventas, cof_cierre"
901,366,28,24,0.9013718575761612,370.34228874351527,479.00719092492466,4.008743366369137,"nu_mes, nu_dia_sem, in_laborable, in_lectivo, in_navidad, in_primeromayo, in_2demayo, in_sanisidro, in_asuncion, in_purisima, in_juesanto, in_viesanto, in_santiago, in_blackfriday, precio_diesel, t_med, hum_rel_med, ev_bernabeu, ev_ifema, ev_ventas, ev_metropolitano, ev_movistararena, ev_vallecas, ev_vistalegre"
902,366,30,24,0.7655358763563066,720.3224513612562,959.5608001954586,13.354213235590104,"nu_dia_sem, in_laborable, in_lectivo, in_navidad, in_primeromayo, in_2demayo, in_sanisidro, in_asuncion, in_purisima, in_juesanto, in_viesanto, in_santiago, in_blackfriday, nu_semana, precio_gasolina, precio_diesel, t_med, ev_bernabeu, ev_ifema, ev_ventas, ev_metropolitano, ev_vallecas, ev_vistalegre, cof_cierre"
903,366,30,25,0.8546947231130742,293.9822196692075,375.91359889910814,4.266079541933682,"nu_dia_sem, in_laborable, in_lectivo, in_navidad, in_primeromayo, in_2demayo, in_sanisidro, in_asuncion, in_12oct, in_juesanto, in_viesanto, in_santiago, in_blackfriday, nu_semana, precio_gasolina, precio_diesel, t_med, hum_rel_med, ev_bernabeu, ev_ifema, ev_ventas, ev_metropolitano, ev_movistararena, ev_vallecas, cof_cierre"
905,366,26,23,0.8324050221769256,273.244135890857,358.95938275659535,0.7875633388337832,"nu_dia_sem, in_laborable, in_lectivo, in_navidad, in_primeromayo, in_2demayo, in_sanisidro, in_asuncion, in_purisima, in_juesanto, in_viesanto, in_santiago, in_blackfriday, t_med, precipitaciones, hum_rel_med, ev_bernabeu, ev_ifema, ev_ventas, ev_metropolitano, ev_movistararena, ev_vallecas, ev_vistalegre"
906,366,29,22,0.8946516374936258,408.54816511358484,501.32531263987755,10.095169992825154,"nu_mes, nu_dia_sem, in_laborable, in_lectivo, in_navidad, in_primeromayo, in_2demayo, in_sanisidro, in_asuncion, in_purisima, in_juesanto, in_viesanto, in_santiago, in_blackfriday, t_med, hum_rel_med, ev_bernabeu, ev_ifema, ev_ventas, ev_metropolitano, ev_movistararena, ev_vistalegre"
908,366,28,22,0.8797375845672427,396.9155872359381,512.234195003905,8.9668817663099,"nu_mes, nu_dia_sem, in_laborable, in_lectivo, in_navidad, in_primeromayo, in_2demayo, in_sanisidro, in_asuncion, in_purisima, in_juesanto, in_viesanto, in_santiago, in_blackfriday, precio_diesel, t_med, hum_rel_med, ev_bernabeu, ev_ifema, ev_ventas, ev_metropolitano, ev_movistararena"
909,366,25,22,0.7985598063607409,422.59818948229105,524.9336587105294,2.1771857724668298,"nu_dia_sem, in_laborable, in_lectivo, in_navidad, in_primeromayo, in_2demayo, in_sanisidro, in_asuncion, in_juesanto, in_viesanto, in_santiago, in_blackfriday, t_med, precipitaciones, hum_rel_med, ev_bernabeu, ev_ifema, ev_ventas, ev_metropolitano, ev_movistararena, ev_vallecas, ev_vistalegre"
913,366,21,19,0.6686019007967849,619.8326253776083,873.8210359109404,1.7694170227146035,"nu_mes, nu_dia_sem, in_laborable, in_lectivo, in_navidad, in_primeromayo, in_2demayo, in_asuncion, in_juesanto, in_viesanto, in_santiago, nu_semana, precio_gasolina, precio_diesel, t_med, vel_med_viento, ev_ventas, ev_movistararena, cof_cierre"
915,366,26,19,0.8602419625259389,429.1041726182901,563.5902948356188,8.2450305340637,"in_laborable, in_lectivo, in_navidad, in_primeromayo, in_2demayo, in_asuncion, in_purisima, in_juesanto, in_viesanto, in_blackfriday, t_med, hum_rel_med, ev_bernabeu, ev_ifema, ev_ventas, ev_metropolitano, ev_movistararena, ev_vallecas, cof_cierre"
916,366,26,22,0.860848639654856,528.2681130383257,685.8418886680431,6.622108025259848,"in_laborable, in_lectivo, in_navidad, in_primeromayo, in_2demayo, in_sanisidro, in_asuncion, in_purisima, in_juesanto, in_viesanto, in_santiago, in_blackfriday, t_med, hum_rel_med, ev_bernabeu, ev_ifema, ev_ventas, ev_metropolitano, ev_movistararena, ev_vallecas, ev_vistalegre, cof_cierre"
917,366,25,22,0.8273773223048866,560.6521699010136,760.1866572700843,1.625111764539762,"nu_dia_sem, in_laborable, in_lectivo, in_navidad, in_primeromayo, in_2demayo, in_asuncion, in_juesanto, in_viesanto, in_santiago, in_blackfriday, precio_gasolina, t_med, hum_rel_med, ev_bernabeu, ev_ifema, ev_ventas, ev_metropolitano, ev_movistararena, ev_vallecas, ev_vistalegre, cof_cierre"
918,366,27,21,0.8800499181759096,484.18712465352763,646.2449740551457,13.559232358060317,"in_laborable, in_lectivo, in_navidad, in_primeromayo, in_2demayo, in_sanisidro, in_asuncion, in_purisima, in_juesanto, in_viesanto, in_santiago, in_blackfriday, t_med, hum_rel_med, ev_bernabeu, ev_ifema, ev_ventas, ev_metropolitano, ev_movistararena, ev_vallecas, cof_cierre"
919,366,29,26,0.8782268362974559,447.48415755901215,575.8356355775248,2.5761277303954158,"nu_mes, nu_dia_sem, in_laborable, in_lectivo, in_navidad, in_primeromayo, in_2demayo, in_asuncion, in_purisima, in_juesanto, in_viesanto, in_santiago, in_blackfriday, nu_semana, precio_diesel, t_med, precipitaciones, hum_rel_med, ev_bernabeu, ev_ifema, ev_ventas, ev_metropolitano, ev_movistararena, ev_vallecas, ev_vistalegre, cof_cierre"
920,366,30,24,0.8413251938084693,632.3204642442064,784.1712060719425,9.521828074321546,"nu_mes, nu_dia_sem, in_laborable, in_lectivo, in_navidad, in_primeromayo, in_2demayo, in_asuncion, in_purisima, in_juesanto, in_viesanto, in_blackfriday, nu_semana, precio_gasolina, precio_diesel, t_med, hum_rel_med, ev_bernabeu, ev_ifema, ev_ventas, ev_metropolitano, ev_movistararena, ev_vallecas, ev_vistalegre"
921,366,27,22,0.8558616574035762,191.28048635571258,259.2635750995218,2.914277582724043,"nu_dia_sem, in_laborable, in_lectivo, in_navidad, in_primeromayo, in_2demayo, in_asuncion, in_purisima, in_juesanto, in_viesanto, in_blackfriday, nu_semana, precio_gasolina, t_med, ev_bernabeu, ev_ifema, ev_ventas, ev_metropolitano, ev_movistararena, ev_vallecas, ev_vistalegre, cof_cierre"
922,366,30,22,0.8503741831831999,863.2064294599633,1087.9888896361635,25.26897238761755,"nu_dia_sem, in_laborable, in_lectivo, in_navidad, in_primeromayo, in_2demayo, in_asuncion, in_purisima, in_juesanto, in_viesanto, in_santiago, in_blackfriday, nu_semana, precio_diesel, t_med, vel_med_viento, hum_rel_med, ev_bernabeu, ev_ventas, ev_movistararena, ev_vallecas, ev_vistalegre"
951,366,28,23,0.8934669678658375,248.4808592219847,329.2976992127892,6.0242201530076285,"nu_mes, nu_dia_sem, in_laborable, in_lectivo, in_navidad, in_primeromayo, in_2demayo, in_sanisidro, in_asuncion, in_purisima, in_juesanto, in_viesanto, in_santiago, in_blackfriday, precio_diesel, t_med, hum_rel_med, ev_bernabeu, ev_ifema, ev_ventas, ev_metropolitano, ev_movistararena, ev_vallecas"
952,366,27,22,0.8655473151509354,354.15883829327447,445.13093497022686,8.99146045084561,"nu_dia_sem, in_laborable, in_lectivo, in_navidad, in_primeromayo, in_2demayo, in_sanisidro, in_asuncion, in_purisima, in_juesanto, in_viesanto, in_santiago, in_blackfriday, t_med, precipitaciones, hum_rel_med, ev_bernabeu, ev_ifema, ev_ventas, ev_metropolitano, ev_movistararena, ev_vistalegre"
1001,366,25,21,0.8528376469766983,369.2008396513574,484.3464522195717,4.83157247033435,"nu_dia_sem, in_laborable, in_lectivo, in_navidad, in_primeromayo, in_2demayo, in_asuncion, in_purisima, in_juesanto, in_viesanto, in_santiago, in_blackfriday, precio_gasolina, t_med, ev_bernabeu, ev_ifema, ev_ventas, ev_movistararena, ev_vallecas, ev_vistalegre, cof_cierre"
1002,366,30,24,0.8964967079416941,1210.7432390169597,1530.7549673956505,26.54261678945909,"nu_dia_sem, in_laborable, in_lectivo, in_navidad, in_primeromayo, in_2demayo, in_asuncion, in_purisima, in_juesanto, in_viesanto, in_santiago, in_blackfriday, nu_semana, precio_diesel, t_med, hum_rel_med, ev_bernabeu, ev_ifema, ev_ventas, ev_metropolitano, ev_movistararena, ev_vallecas, ev_vistalegre, cof_cierre"
1005,366,27,23,0.8617679793732858,1066.967106241377,1277.5559768909857,15.308297406979648,"nu_dia_sem, in_laborable, in_lectivo, in_navidad, in_primeromayo, in_2demayo, in_sanisidro, in_asuncion, in_12oct, in_purisima, in_juesanto, in_viesanto, in_santiago, in_blackfriday, t_med, hum_rel_med, ev_bernabeu, ev_ifema, ev_ventas, ev_metropolitano, ev_movistararena, ev_vallecas, ev_vistalegre"
1006,366,24,14,0.9019524951883379,920.766454754383,1159.5580397250556,35.34234209408099,"nu_mes, in_laborable, in_lectivo, in_navidad, in_primeromayo, in_2demayo, in_sanisidro, in_asuncion, in_juesanto, in_viesanto, t_med, ev_bernabeu, ev_ifema, cof_cierre"
1013,366,26,21,0.42388290967464404,668.7833190461092,843.5437441800741,7.770828638160719,"nu_dia_sem, in_laborable, in_lectivo, in_primeromayo, in_2demayo, in_almudena, in_constitucion, in_purisima, nu_semana, precio_gasolina, precio_diesel, t_med, precipitaciones, hum_rel_med, ev_bernabeu, ev_ifema, ev_ventas, ev_metropolitano, ev_movistararena, ev_vallecas, cof_cierre"
1014,366,23,21,0.5750784637613235,671.804556750489,807.3074532299864,0.6689844627913208,"nu_mes, nu_dia_sem, in_laborable, in_lectivo, in_navidad, in_asuncion, in_purisima, in_juesanto, in_viesanto, in_santiago, nu_semana, precio_gasolina, precio_diesel, t_med, precipitaciones, hum_rel_med, ev_bernabeu, ev_ventas, ev_movistararena, ev_vistalegre, cof_cierre"
1016,366,27,22,0.869278037716964,1710.3868409743302,2139.458922536245,34.820711620668874,"nu_dia_sem, in_laborable, in_lectivo, in_navidad, in_primeromayo, in_2demayo, in_sanisidro, in_asuncion, in_12oct, in_purisima, in_juesanto, in_viesanto, in_blackfriday, precio_gasolina, t_med, hum_rel_med, ev_bernabeu, ev_ifema, ev_ventas, ev_metropolitano, ev_movistararena, ev_vallecas"
1018,366,27,23,0.8628558229987194,399.5333730468544,512.3134588030633,3.7042101910509087,"nu_mes, nu_dia_sem, in_laborable, in_lectivo, in_navidad, in_primeromayo, in_2demayo, in_sanisidro, in_asuncion, in_purisima, in_juesanto, in_viesanto, in_santiago, in_blackfriday, t_med, ev_bernabeu, ev_ifema, ev_ventas, ev_metropolitano, ev_movistararena, ev_vallecas, ev_vistalegre, cof_cierre"
1019,366,31,24,0.9025592715297746,552.0612830295719,687.248218873122,10.772299074758909,"nu_dia_sem, in_laborable, in_lectivo, in_navidad, in_primeromayo, in_2demayo, in_asuncion, in_purisima, in_juesanto, in_viesanto, in_santiago, in_blackfriday, nu_semana, precio_gasolina, precio_diesel, t_med, hum_rel_med, ev_bernabeu, ev_ifema, ev_ventas, ev_metropolitano, ev_movistararena, ev_vallecas, ev_vistalegre"
1051,366,29,26,0.7572482162141176,380.3854763411853,489.43470964803504,0.8047103071137075,"nu_mes, nu_dia_sem, in_laborable, in_lectivo, in_navidad, in_primeromayo, in_2demayo, in_sanisidro, in_asuncion, in_purisima, in_juesanto, in_viesanto, in_santiago, in_blackfriday, nu_semana, precio_gasolina, precio_diesel, t_med, vel_med_viento, hum_rel_med, ev_bernabeu, ev_ifema, ev_metropolitano, ev_movistararena, ev_vallecas, ev_vistalegre"
1052,366,28,24,0.895187632084815,291.81005763731565,362.8297986477125,4.802475279346281,"nu_mes, nu_dia_sem, in_laborable, in_lectivo, in_navidad, in_primeromayo, in_2demayo, in_asuncion, in_12oct, in_constitucion, in_purisima, in_juesanto, in_viesanto, in_santiago, in_blackfriday, precio_diesel, t_med, hum_rel_med, ev_bernabeu, ev_ifema, ev_ventas, ev_metropolitano, ev_movistararena, ev_vallecas"
1053,366,29,22,0.8750734865325227,509.32853338460643,641.3340646009584,13.444513936683828,"nu_mes, nu_dia_sem, in_laborable, in_lectivo, in_navidad, in_primeromayo, in_2demayo, in_sanisidro, in_asuncion, in_12oct, in_purisima, in_juesanto, in_viesanto, in_blackfriday, precio_gasolina, t_med, hum_rel_med, ev_bernabeu, ev_ifema, ev_metropolitano, ev_movistararena, ev_vallecas"
1054,366,27,19,0.8032766170172314,232.827622184698,283.3907209778192,3.3811607165494015,"nu_dia_sem, in_laborable, in_lectivo, in_navidad, in_primeromayo, in_2demayo, in_sanisidro, in_asuncion, in_juesanto, in_viesanto, in_santiago, t_med, hum_rel_med, ev_bernabeu, ev_ifema, ev_ventas, ev_metropolitano, ev_vallecas, ev_vistalegre"
1102,366,31,21,0.8033447577821858,200.3042812078224,278.0331796275682,7.6796605241051275,"nu_dia_sem, in_laborable, in_lectivo, in_navidad, in_primeromayo, in_2demayo, in_asuncion, in_purisima, in_juesanto, in_viesanto, in_blackfriday, nu_semana, precio_gasolina, t_med, hum_rel_med, ev_bernabeu, ev_ifema, ev_ventas, ev_movistararena, ev_vallecas, cof_cierre"
1103,366,29,23,0.8194688457997881,133.22572110042344,181.53444019465329,2.1573803515781003,"nu_dia_sem, in_laborable, in_lectivo, in_navidad, in_primeromayo, in_2demayo, in_asuncion, in_12oct, in_juesanto, in_viesanto, in_santiago, in_blackfriday, nu_semana, precio_diesel, t_med, ev_bernabeu, ev_ifema, ev_ventas, ev_metropolitano, ev_movistararena, ev_vallecas, ev_vistalegre, cof_cierre"
1104,366,30,25,0.7922438743095077,222.78888427516904,309.2709657819983,4.514776077711233,"nu_dia_sem, in_laborable, in_lectivo, in_navidad, in_primeromayo, in_sanisidro, in_asuncion, in_12oct, in_juesanto, in_viesanto, in_santiago, in_blackfriday, nu_semana, precio_gasolina, precio_diesel, t_med, hum_rel_med, ev_bernabeu, ev_ifema, ev_ventas, ev_metropolitano, ev_movistararena, ev_vallecas, ev_vistalegre, cof_cierre"
1105,366,31,22,0.8565838782171256,237.68154860833715,331.6942158509233,5.531306721334752,"nu_dia_sem, in_laborable, in_lectivo, in_navidad, in_primeromayo, in_2demayo, in_sanisidro, in_asuncion, in_12oct, in_juesanto, in_viesanto, in_blackfriday, nu_semana, precio_diesel, t_med, ev_bernabeu, ev_ifema, ev_ventas, ev_metropolitano, ev_movistararena, ev_vallecas, cof_cierre"
1106,366,30,24,0.8664932510634238,228.9399489785864,300.48104492710576,2.260297809810752,"nu_dia_sem, in_laborable, in_lectivo, in_navidad, in_primeromayo, in_2demayo, in_sanisidro, in_asuncion, in_purisima, in_juesanto, in_viesanto, in_blackfriday, nu_semana, precio_gasolina, precio_diesel, t_med, hum_rel_med, ev_bernabeu, ev_ifema, ev_ventas, ev_metropolitano, ev_vallecas, ev_vistalegre, cof_cierre"
